n,friedman_board_display_2026-08-19,reported_numerical_intensity,reported_intensity_5dp,rigorously_certified_lower_bound,exact_point_witness_upper_bound,prior_public_literal_upper_bound,candidate_file,spectral_certificate,componentwise_certificate
3,7.507+,7.5683896400296895,7.56839,7.56838963,7.568389640029690214292220397565988780755641854885498678336657752819080,,data/candidates/n03_symmetric.json,data/certificates/n03_target_7_56838963.json,data/certificates/n03_componentwise_target_7_56838963.json
5,21.342+,22.063083016036774,22.06308,22.06,22.06308301603677716707651493527590676587025014344470068797426750859221,,data/candidates/n05_hunt_best.json,data/certificates/n05_spectral_target_22_06.json,data/certificates/n05_componentwise_target_22_06.json
29,259.948+,282.856925286127,282.85693,282.8,282.8569252861270201375160647884657722823807481048389130741275052858670,272.495973646473,data/candidates/n29_hunt_best.json,data/certificates/n29_spectral_target_282_8.json,data/certificates/n29_componentwise_target_282_8.json
30,268.319+,285.34568532988476,285.34569,285.34,285.3456853298848060316498151474123710781545056300627265814116213010719,285.326742383550,data/candidates/n30_hunt_best.json,data/certificates/n30_spectral_target_285_34.json,data/certificates/n30_componentwise_target_285_34.json
31,274.727+,305.2983669115241,305.29837,305.2,305.2983669115241478541150243942030536446695900429001229813213887067887,294.208893270426,data/candidates/n31_hunt_best.json,data/certificates/n31_spectral_target_305_2.json,data/certificates/n31_componentwise_target_305_2.json
32,279.851+,317.20381892782916,317.20382,317.1,317.2038189278292189015459259726056630403038855213908476345899394513444,304.280799129879,data/candidates/n32_hunt_best.json,data/certificates/n32_spectral_target_317_1.json,data/certificates/n32_componentwise_target_317_1.json
33,287.670+,330.59547948010754,330.59548,330.5,330.5954794801076281404451232279584372521982926864596550509295833287713,311.665641329667,data/candidates/n33_hunt_best.json,data/certificates/n33_spectral_target_330_5.json,data/certificates/n33_componentwise_target_330_5.json
34,297.004+,337.90623582303795,337.90624,337.8,337.9062358230379778410448572922957750620961798451951797015573887036679,323.409928097309,data/candidates/n34_hunt_best.json,data/certificates/n34_spectral_target_337_8.json,data/certificates/n34_componentwise_target_337_8.json
35,303.346+,347.1957223312929,347.19572,347.1,347.1957223312930252383581710830705152293431957577375578967968694817410,329.708966808636,data/candidates/n35_hunt_best.json,data/certificates/n35_spectral_target_347_1.json,data/certificates/n35_componentwise_target_347_1.json
